Group,CreditBorrowsScore,DebttoIncome
High,756.8988686,0.37586892
High,768.1197394,0.355036065
High,797.4713351,0.362990441
High,777.3907307,0.429191392
High,734.2562315,0.316864921
High,626.5228979,0.363623879
High,719.9265617,0.404868511
High,641.5711084,0.406476499
Low,644.5586103,0.396371203
Low,592.2887725,0.401975625
Low,607.2998691,0.417818256
Low,540.318506,0.618135724
Low,694.8300163,0.48760675
Low,641.3570113,0.513378754
Low,676.4853266,0.469682616
